Model,Mean Accuracy,Std Accuracy,Mean Precision,Std Precision,Mean Recall,Std Recall,Mean F1-score,Std F1-score
Logistic Regression,0.669737,0.021788,0.671739,0.021881,0.669737,0.021788,0.669351,0.022121
Naive Bayes,0.666228,0.025944,0.67461,0.029072,0.666228,0.025944,0.664502,0.026198
Random Forest,0.627193,0.038846,0.628898,0.039093,0.627193,0.038846,0.626065,0.03942
SVM,0.674562,0.021267,0.677707,0.021764,0.674562,0.021267,0.674351,0.021944
